{
    "config": {
        "CAN1_rd": {
            "help": "CAN1 rd pin",
            "value": "NC"
        },
        "CAN1_td": {
            "help": "CAN1 td pin",
            "value": "NC"
        },
        "CAN2_rd": {
            "help": "CAN2 rd pin",
            "value": "NC"
        },
        "CAN2_td": {
            "help": "CAN2 td pin",
            "value": "NC"
        }

    },
    "target_overrides": {
        "LPC1768": {
            "CAN1_rd": "p9",
            "CAN1_td": "p10",
            "CAN2_rd": "p30",
            "CAN2_td": "p29"
        }
    }
}
